Element,Name,JP Name,Cost,Description,Target,,
phys,Cleave,スラッシュ,4 MP,Inflicts Physical Phys damage with 120 power on a Single Enemy.,Single Enemy,[Sandman] ,[Slime] [Cu Sith] [Tam Lin] (Teal Gacha) [Valkyrie] (Yellow Gacha) [Gui Xian] (Purple Gacha) [Dominion] (Yellow Gacha) [Oberon] (Red Gacha)
phys,Fatal Sword,絶命剣,5 MP,Inflicts Physical Phys damage with 140 power on a Single Enemy.,Single Enemy,[Eligor] (Red Archetype)[Power]  [Valkyrie] ,[Naga] [Titania] (Purple Gacha)
phys,Berserker God,怪力乱神,6 MP,Inflicts Physical Phys damage with 160 power on a Single Enemy.,Single Enemy,[Makami] (Red Archetype)[Ares] (Red Archetype) [Arianrhod]  [Chimera] (Clear Archetype) [Dakini]  [Bishamonten]  [Huang Di] (Red Archetype),[Ganesha] [Siegfried] [Surt] 
phys,Megaton Raid,メガトンレイド,7 MP,Inflicts Physical Phys damage with 180 power on a Single Enemy.,Single Enemy,[Abaddon] (Red Archetype)[Jikokuten] (Red Archetype) [Ganesha] (Red Archetype) [Odin] (Red Archetype) [Zhong Kui] (Red Archetype) [Mara] (Clear Archetype),[Thor] 
phys,God's Hand,ゴッドハンド,8 MP,Inflicts Physical Phys damage with 200 power on a Single Enemy.,Single Enemy,[Shiva] (Red Archetype),[Ishtar] (Red Gacha)
phys,Mow Down,なぎ払い,4 MP,Inflicts Physical Phys damage with 80 power on All Enemies.,All Enemies,[Eligor] ,[Momunofu] [Silky] (Yellow Gacha) [Unicorn] (Teal Gacha) [Chatterskull] (Red Gacha) [Arahabaki] (Red Gacha) [Efreet] (Red Gacha)
phys,Vajra Blast,金剛発破,5 MP,Inflicts Physical Phys damage with 100 power on All Enemies.,All Enemies,[Abraxas] (Red Archetype)[Oni]  [Sparna]  [Fomorian]  [Orthrus] (Clear Archetype) [Zouchouten]  [Setanta] ,[Ares] 
phys,Hades Blast,冥界破,6 MP,Inflicts Physical Phys damage with 120 power on All Enemies.,All Enemies,[Chatterskull] (Red Archetype) [Koumokuten]  [Scathach]  [Fenrir] (Red Archetype) [Jikokuten]  [Bishamonten] (Red Archetype),[Ose] [Yatagarasu] [Seth] (Purple Gacha) [Huang Di] 
phys,Vorpal Blade,空間殺法,7 MP,Inflicts Physical Phys damage with 140 power on All Enemies.,All Enemies,[Hanuman] [Rangda] (Clear Archetype) [Kama] (Clear Archetype) [Shiva] ,[Trumpeter] (Purple Gacha)[Yoshitsune] 
phys,Gigantomachia,ギガントマキア,8 MP,Inflicts Physical Phys damage with 160 power on All Enemies.,All Enemies,[Thor] (Red Archetype)[Yoshitsune] (Red Archetype),[Ananta] (Red Gacha)
phys,Lunge,突撃,4 MP,Inflicts Physical Phys damage with 30% crit rate and 115 power on a Single Enemy.,Single Enemy,[Mokoi] [Obariyon] (Clear Archetype),[Bicorn] [Tam Lin] (Purple Gacha)
phys,Oni-Kagura,鬼神楽,5 MP,Inflicts Physical Phys damage with 30% crit rate and 130 power on a Single Enemy.,Single Enemy,[Momunofu] (Red Archetype)[Oni] (Clear Archetype) [Take-Minakata]  [Wu Kong]  [Zhong Kui] ,[Setanta] [Ananta] (Teal Gacha)
phys,Mortal Jihad,モータルジハード,6 MP,Inflicts Physical Phys damage with 30% crit rate and 145 power on a Single Enemy.,Single Enemy,[Pallas Athena] (Red Archetype) [Yatagarasu] (Red Archetype) [Sphinx] (Clear Archetype) [Susano-o]  [Seth] ,[Ananta] (Purple Gacha)[Vishnu] (Red Gacha)
phys,Heat Wave,ヒートウェイブ,5 MP,Inflicts Physical Phys damage with 30% crit rate and 70 power on All Enemies.,All Enemies,[Agathion] (Red Archetype)[Bicorn] (Red Archetype) [Momunofu] (Clear Archetype) [Archangel] (Clear Archetype) [Valkyrie] (Clear Archetype),[Mothman] (Yellow Gacha)[Lailah] (Purple Gacha) [Setanta] (Teal Gacha) [Efreet] (Yellow Gacha) [Vetala] (Yellow Gacha) [Cerberus] (Purple Gacha)
phys,Megaton Press,メガトンプレス,6 MP,Inflicts Physical Phys damage with 30% crit rate and 90 power on All Enemies.,All Enemies,[Kanbari] (Clear Archetype)[Koumokuten] (Clear Archetype) [Berserker] (Red Archetype) [Ose] (Red Archetype) [Orochi]  [King Frost]  [Girimehkala] ,[Sandalphon] (Teal Gacha)[Sphinx] (Yellow Gacha)
phys,Titanomachia,ティタノマキア,7 MP,Inflicts Physical Phys damage with 30% crit rate and 110 power on All Enemies.,All Enemies,[Wu Kong] (Red Archetype)[Siegfried] (Red Archetype) [Seth] (Clear Archetype) [Mara]  [Lucifer] (Red Archetype),[Michael] (Red Gacha)
phys,Gungnir,グングニル,7 MP,Inflicts Physical Phys damage with 30% crit rate and 135 power on All Enemies. 3 Uses.,All Enemies,[Odin] ,
phys,Yinlong Killer,応龍撃破,8 MP,Inflicts Physical Phys damage with 50% crit rate and 150 power on All Enemies.,All Enemies,[Huang Di] ,
phys,Rampage,暴れまくり,3 MP,Inflicts Physical Phys damage 2 to 3 times with 45 power on Random Enemy/(ies).,Random Enemy/ies,[Mokoi] (Clear Archetype)[Obariyon] (Red Archetype) [Nozuchi] (Clear Archetype) [Kelpie]  [Vetala] (Clear Archetype),[Kanbari] [Baphomet] (Red Gacha) [Mermaid] (Teal Gacha) [Ammut] (Yellow Gacha) [Ares] (Teal Gacha) [Chatterskull] (Purple Gacha) [Scathach] (Teal Gacha)
phys,Darkbound,デスバウンド,4 MP,Inflicts Physical Phys damage 2 to 3 times with 55 power on Random Enemy/(ies).,Random Enemy/ies,[Yomotsu-Shikome] (Red Archetype) [Naga] (Red Archetype) [Legion] (Clear Archetype) [Tam Lin] (Red Archetype) [Valkyrie] (Red Archetype) [Jatayu] (Red Archetype) [Setanta] (Clear Archetype),[Pazuzu] (Teal Gacha)[Cu Chulainn] (Purple Gacha)
phys,Madness Nails,狂乱の剛爪,5 MP,Inflicts Physical Phys damage 2 to 3 times with 65 power on Random Enemy/(ies).,Random Enemy/ies,[Ammut] [Baihu] (Clear Archetype) [Chimera]  [Scathach] (Red Archetype) [Hanuman] (Clear Archetype),
phys,Nihil Claw,虚空爪激,6 MP,Inflicts Physical Phys damage 2 to 3 times with 75 power on Random Enemy/(ies).,Random Enemy/ies,[Ongyo-Ki] (Red Archetype),[Fenrir] 
phys,Tempest Slash,五月雨斬り,5 MP,Inflicts Physical Phys damage 2 to 5 times with 50 power on Random Enemy/(ies).,Random Enemy/ies,[Oni] (Red Archetype)[Yaksini] (Clear Archetype) [Kresnik] (Red Archetype),[Pallas Athena] (Red Gacha)
phys,Hurricane Slash,刹那五月雨斬り,7 MP,Inflicts Physical Phys damage 2 to 5 times with 65 power on Random Enemy/(ies).,Random Enemy/ies,[Yomotsu-Ikusa] (Red Archetype) [Arianrhod] (Red Archetype) [Pallas Athena] ,[Alice] (Teal Gacha)[Michael] (Teal Gacha)
phys,Mist Slash,乱・かすみ斬り,7 MP,Inflicts Physical Phys damage 3 to 5 times with 50 power on Random Enemy/(ies).,Random Enemy/ies,[Attis] ,
phys,Gae Bolg,ゲイボルグ,7 MP,Inflicts Physical Phys damage 4 to 6 times with 50 power on Random Enemy/(ies).,Random Enemy/ies,[Cu Chulainn] ,
phys,Hassou Tobi,八艘飛び,7 MP,Inflicts Physical Phys damage 8 times with 35 power on Random Enemy/(ies).,Random Enemy/ies,[Yoshitsune] ,
phys,Hell Claw,地獄の獰爪,5 MP,Inflicts Physical Phys damage 3 times with 30% crit rate and 65 power on Random Enemy/(ies).,Random Enemy/ies,[Cerberus] ,
phys,Hell Thrust,地獄突き,7 MP,Inflicts Physical Phys damage with 50 power on Random Enemy/(ies) 4 times with a 35% chance to Inflicts Charm.,Random Enemy/ies,[Mara] ,
phys,Toxic Sting,毒針,5 MP,Inflicts Physical Phys damage with 120 power on a Single Enemy with 40% chance to Inflicts Poison.,Single Enemy,[Yomotsu-Shikome] ,[Pallas Athena] (Purple Gacha) [Lakshmi] (Teal Gacha)
phys,Binding Claw,バインドクロー,5 MP,Inflicts Physical Phys damage with 120 power on a Single Enemy with 40% chance to Inflicts Bind.,Single Enemy,[Raijuu] (Red Archetype)[Yomotsu-Shikome] (Clear Archetype) [Nue] (Clear Archetype) [Shiisaa] (Clear Archetype),[Jikokuten] (Red Gacha)
phys,Binding Bite,痺れかみつき,5 MP,Inflicts Physical Phys damage with 160 power on a Single Enemy with 35% chance to Inflicts Poison.,Single Enemy,[Kamiotoko] ,
phys,Dark Sword,暗夜剣,5 MP,Inflicts Physical Phys damage with 120 power on a Single Enemy with 40% chance to Inflicts Mute.,Single Enemy,[Sandman] (Red Archetype)[Tam Lin]  [Berserker] ,[Ongyo-Ki] 
phys,Charm Bite,甘噛み,5 MP,Inflicts Physical Phys damage with 120 power on a Single Enemy with 40% chance to Inflicts Charm.,Single Enemy,[Cu Sith] (Red Archetype)[Black Ooze]  [Pisaca] ,[Azrael] (Red Gacha)[Lakshmi] (Red Gacha)
phys,Eat Whole,丸かじり,5 MP,"Inflicts Physical Phys damage with 120 power on a Single Enemy, while healing caster 25% of damage dealt.",Single Enemy,[Nue] [Orthrus] [Vetala] [Fenrir] (Clear Archetype),[Loki] (Yellow Gacha)[Surt] (Teal Gacha) [Samael] (Purple Gacha)
phys,Binge Eating,暴飲暴食,6 MP,"Inflicts Physical Phys damage with 140 power on a Single Enemy, while healing caster 40% of damage dealt.",Single Enemy,[Ammut] (Red Archetype)[Abaddon]  [Girimehkala] (Red Archetype) [Dantalian] (Red Archetype),[Sleipnir] (Yellow Gacha)[King Frost] (Yellow Gacha)
phys,Power Hit,捨て身の一撃,7 MP,Use 10% of own HP to Inflicts Physical Phys damage with 170 power on a Single Enemy.,Single Enemy,[Apis] (Red Archetype)[Horkos] (Red Archetype) [Ganesha] (Clear Archetype),[Kikuri-Hime] (Purple Gacha)
fire,Agi,アギ,4 MP,Inflicts Magic Fire damage with 120 power on a Single Enemy.,Single Enemy,[Cu Sith] [Melchom] [Bicorn] [Archangel]  [Legion] ,[Inugami] [Pyro Jack] [Makami] (Teal Gacha) [Unicorn] (Red Gacha) [Apis] (Red Gacha) [Virtue] (Yellow Gacha) [Ose] (Red Gacha)
fire,Agilao,アギラオ,5 MP,Inflicts Magic Fire damage with 140 power on a Single Enemy.,Single Enemy,[Inugami] (Red Archetype)[Pyro Jack] (Clear Archetype) [Decarabia] (Red Archetype) [Archangel] (Red Archetype) [Yaksini]  [Dis]  [Pele]  [Zouchouten]  [Dakini] ,[Orthrus] [Efreet] [Feng Huang]  [Anubis] (Teal Gacha) [Garuda] (Teal Gacha) [Ishtar] (Teal Gacha) [Samael] (Yellow Gacha)
fire,Agidyne,アギダイン,6 MP,Inflicts Magic Fire damage with 160 power on a Single Enemy.,Single Enemy,[Efreet] (Clear Archetype)[Dakini] (Red Archetype) [Kikuri-Hime] (Red Archetype) [Orochi] (Red Archetype) [Prometheus]  [Azrael]  [Loki] ,[Cerberus] [Girimehkala] (Yellow Gacha)
fire,Trisagion,トリスアギオン,7 MP,Inflicts Magic Fire damage with 180 power on a Single Enemy.,Single Enemy,[Amaterasu] (Red Archetype)[Asherah] (Red Archetype) [Lucifer] ,[Siegfried] (Yellow Gacha)
fire,Ragnarok,トリスアギオン,7 MP,Inflicts Magic Fire damage with 215 power on a Single Enemy.,Single Enemy,[Surt] ,
fire,Maragi,マハラギ,5 MP,Inflicts Magic Fire damage with 80 power on All Enemies.,All Enemies,[Melchom] (Red Archetype)[Inugami] (Clear Archetype) [Bicorn] (Clear Archetype) [Pyro Jack]  [Oni]  [Orthrus]  [Baphomet]  [Efreet] ,[Decarabia] [Tam Lin] (Yellow Gacha) [Peallaidh] (Yellow Gacha) [Kushinada-Hime] (Yellow Gacha) [Shiki-Ouji] (Yellow Gacha) [Horus] (Purple Gacha) [Wu Kong] (Purple Gacha) [Odin] (Yellow Gacha)
fire,Maragion,マハラギオン,6 MP,Inflicts Magic Fire damage with 100 power on All Enemies.,All Enemies,[Pele] (Red Archetype)[Throne]  [Kikuri-Hime]  [Abaddon]  [Asherah] ,[Yatagarasu] (Red Gacha)[White Rider] (Teal Gacha) [Amaterasu] 
fire,Maragidyne,マハラギダイン,7 MP,Inflicts Magic Fire damage with 120 power on All Enemies.,All Enemies,[Prometheus] (Red Archetype)[Garuda] (Red Archetype) [Surt] (Red Archetype),[Metatron] (Teal Gacha)
fire,Fire Breath,ファイアブレス,4 MP,Inflicts Magic Fire damage 2 to 4 times with 40 power on Random Enemy/ies.,Random Enemy/ies,[Melchom] (Clear Archetype)[Pyro Jack] (Red Archetype) [Mou-Ryo]  [Orthrus] (Red Archetype) [Zouchouten] (Red Archetype) [Cerberus] (Red Archetype),[Sleipnir] (Red Gacha)[Samael] (Red Gacha)
fire,Hellfire,地獄の業火,5 MP,Inflicts Magic Fire damage 2 to 4 times with 50 power on Random Enemy/ies.,Random Enemy/ies,[Ares] [Horkos] [Efreet] (Red Archetype) [Abaddon] (Clear Archetype),[Susano-o] (Yellow Gacha)[Mara] (Teal Gacha)
ice,Bufu,ブフ,4 MP,Inflicts Magic Ice damage with 120 power on a Single Enemy.,Single Enemy,[Azumi] [Apsaras] [Leanan Sidhe]  [Decarabia]  [Principality] ,[Preta] [Jack Frost] [Zouchouten] (Teal Gacha) [Lailah] (Teal Gacha) [Lilim] (Yellow Gacha) [Koumokuten] (Teal Gacha) [Scathach] (Red Gacha) [Dominion] (Teal Gacha) [Beiji-Weng] (Purple Gacha)
ice,Bufula,ブフーラ,5 MP,Inflicts Magic Ice damage with 140 power on a Single Enemy.,Single Enemy,[Jack Frost] (Red Archetype)[Apsaras] (Red Archetype) [Yomotsu-Shikome]  [Abraxas]  [Naga]  [Fomorian] (Red Archetype),[Forneus] [Gui Xian] [Girimehkala] (Teal Gacha) [Odin] (Purple Gacha) [White Rider] (Red Gacha) [Shiva] (Purple Gacha)
ice,Bufudyne,ブフダイン,6 MP,Inflicts Magic Ice damage with 160 power on a Single Enemy.,Single Enemy,[Silky] [Mermaid] (Red Archetype) [Unicorn] (Clear Archetype) [Gui Xian] (Red Archetype) [Vetala]  [Succubus]  [Beiji-Weng]  [Sarasvati] (Clear Archetype) [Bishamonten]  [Yurlungur] (Red Archetype) [Loki] (Red Archetype),[Orochi] [King Frost] (Red Gacha) [Barong] (Red Gacha) [Vishnu] 
ice,Ice Age,アイスエイジ,7 MP,Inflicts Magic Ice damage with 180 power on a Single Enemy.,Single Enemy,[Mastema] (Red Archetype),[Cu Chulainn] (Teal Gacha)
ice,Mabufu,マハブフ,5 MP,Inflicts Magic Ice damage with 80 power on All Enemies.,All Enemies,[Azumi] (Red Archetype)[Preta] (Clear Archetype) [Jack Frost]  [Decarabia]  [Berserker] ,[Fomorian] [Baphomet] (Yellow Gacha) [Ammut] (Teal Gacha) [Horkos] (Red Gacha) [Baihu] (Yellow Gacha) [Koumokuten] (Yellow Gacha)
ice,Mabufula,マハブフーラ,6 MP,Inflicts Magic Ice damage with 100 power on All Enemies.,All Enemies,[Forneus] (Red Archetype)[Silky] (Red Archetype) [Gui Xian]  [Ongyo-Ki]  [Yurlungur] ,[Succubus] (Yellow Gacha)[Rangda] (Yellow Gacha) [Sarasvati]  [Trumpeter] (Yellow Gacha)
ice,Mabufudyne,マハブフダイン,7 MP,Inflicts Magic Ice damage with 120 power on All Enemies.,All Enemies,[Beiji-Weng] (Red Archetype)[Ananta] (Red Archetype),[Alice] (Yellow Gacha)[Yoshitsune] (Yellow Gacha)
ice,Cold World,大冷界,7 MP,Inflicts Magic Ice damage with 130 power on All Enemies and reduces enemy's DEF 20% for 3 turns.,All Enemies,[King Frost] ,
ice,Ice Breath,アイスブレス,4 MP,Inflicts Magic Ice damage 2 to 4 times with 40 power on Random Enemy/ies.,Random Enemy/ies,[Azumi] (Clear Archetype)[Yomotsu-Ikusa]  [Arahabaki] (Red Archetype),[Mermaid] [Dantalian] (Yellow Gacha) [Shiva] (Yellow Gacha)
ice,Glacial Blast,絶対零度,5 MP,Inflicts Magic Ice damage 2 to 4 times with 50 power on Random Enemy/ies.,Random Enemy/ies,[Unicorn] (Red Archetype)[King Frost] (Red Archetype) [Skadi] (Red Archetype) [Beiji-Weng]  [Sarasvati] (Red Archetype),[Alice] (Red Gacha)
elec,Zio,ジオ,4 MP,Inflicts Magic Elec damage with 120 power on a Single Enemy.,Single Enemy,[Chagrin] [Agathion] [Nue] ,[Mokoi] [Phantom] [Sparna] [Forneus] (Purple Gacha) [Baphomet] (Teal Gacha) [Ammut] (Red Gacha) [Mad Gasser] (Red Gacha) [Peallaidh] (Red Gacha) [Setanta] (Yellow Gacha) [Lilim] (Teal Gacha) [Feng Huang] (Teal Gacha)
elec,Zionga,ジオンガ,5 MP,Inflicts Magic Elec damage with 140 power on a Single Enemy.,Single Enemy,[Mokoi] (Red Archetype)[Phantom] (Red Archetype) [Nozuchi] (Red Archetype) [Raijuu]  [Hamsa]  [Nue] (Red Archetype) [Heqet] (Clear Archetype) [Take-Minakata]  [Hathor]  [Yaksini] (Red Archetype) [Kelpie]  [Baihu]  [Chimera] ,[Koumokuten] [Tsukuyomi] (Teal Gacha)
elec,Ziodyne,ジオダイン,6 MP,Inflicts Magic Elec damage with 160 power on a Single Enemy.,Single Enemy,[Mothman] (Red Archetype)[Koumokuten] (Red Archetype) [Dominion] (Red Archetype) [Loki] (Clear Archetype) [Sphinx] (Red Archetype),[White Rider] [Lakshmi] (Yellow Gacha) [Michael] (Purple Gacha)
elec,Thunder Reign,真理の雷,7 MP,Inflicts Magic Elec damage with 180 power on a Single Enemy.,Single Enemy,[Barong] (Red Archetype),[Mara] (Red Gacha)
elec,Mazio,マハジオ,5 MP,Inflicts Magic Elec damage with 80 power on All Enemies.,All Enemies,[Pixie] (Red Archetype)[Chagrin] (Red Archetype) [Agathion] (Clear Archetype) [Phantom] (Clear Archetype) [Nozuchi]  [High Pixie]  [Heqet]  [Hathor] (Red Archetype) [Shadow]  [Forneus]  [Mothman] ,[Nue] [Chatterskull] (Teal Gacha) [Arianrhod] (Red Gacha) [Virtue] (Red Gacha) [Mitra] (Purple Gacha)
elec,Mazionga,マハジオンガ,6 MP,Inflicts Magic Elec damage with 100 power on All Enemies.,All Enemies,[Power] (Red Archetype)[Baihu] (Red Archetype) [Chimera] (Red Archetype) [Dominion]  [Ose]  [Titania]  [Succubus] (Red Archetype) [Beelzebub] ,[Barong] 
elec,Maziodyne,マハジオダイン,7 MP,Inflicts Magic Elec damage with 120 power on All Enemies.,All Enemies,[Thor] (Clear Archetype),[Lilith] [Siegfried] (Red Gacha) [Metatron] (Purple Gacha)
elec,Shock,放電,4 MP,Inflicts Magic Elec damage 2 to 4 times with 40 power on Random Enemy/ies.,Random Enemy/ies,[Chagrin] (Clear Archetype)[Raijuu]  [High Pixie] (Red Archetype) [Heqet] (Red Archetype) [Take-Minakata] (Red Archetype),[Titania] (Teal Gacha)[Skadi] (Red Gacha)
elec,Bolt Storm,ショックウェーブ,5 MP,Inflicts Magic Elec damage 2 to 4 times with 50 power on Random Enemy/ies.,Random Enemy/ies,[Titania] (Red Archetype)[Beelzebub] (Red Archetype) [Odin]  [White Rider] (Clear Archetype) [Barong] ,[Dakini] (Yellow Gacha)
elec,Mjolnir,ショックウェーブ,7 MP,Inflicts Magic Elec damage 4 to 5 times with 60 power on Random Enemy/ies.,Random Enemy/ies,[Thor] ,
force,Zan,ザン,4 MP,Inflicts Magic Force damage with 120 power on a Single Enemy.,Single Enemy,[Koppa Tengu] [Blob] [Incubus]  [Hathor]  [Shiisaa]  [Dis] ,[Pixie] [Sandman] [Mothman] (Red Gacha) [Lailah] (Red Gacha) [Horkos] (Yellow Gacha) [Kushinada-Hime] (Teal Gacha) [Efreet] (Purple Gacha) [Isis] (Teal Gacha)
force,Zanma,ザンマ,5 MP,Inflicts Magic Force damage with 140 power on a Single Enemy.,Single Enemy,[Koppa Tengu] (Red Archetype)[Nekomata] (Red Archetype) [Kurama Tengu] (Red Archetype) [Setanta] (Red Archetype) [Tsukuyomi] ,[Scathach] [Pazuzu] (Purple Gacha) [Jeanne D'Arc] (Teal Gacha)
force,Zandyne,ザンダイン,6 MP,Inflicts Magic Force damage with 160 power on a Single Enemy.,Single Enemy,[Lilim] (Red Archetype)[Isis]  [Hanuman] (Red Archetype) [Sandalphon]  [Jikokuten] (Clear Archetype) [Oberon] ,[Loki] [Garuda] [Seth] 
force,Deadly Wind,殺風激,7 MP,Inflicts Magic Force damage with 180 power on a Single Enemy.,Single Enemy,[Cu Chulainn] (Red Archetype)[Susano-o] (Red Archetype) [Lakshmi] (Red Archetype),[Mastema] (Red Gacha)[Yoshitsune] (Purple Gacha)
force,Kusanagi,天叢雲剣,6 MP,Inflicts Magic Force damage with 205 power on a Single Enemy and increases own party's ATK 20% for 3 turns. The damage inflicted by this skill is dependent on Phys ATK.,Single Enemy,[Susano-o] ,
force,Mazan,マハザン,5 MP,Inflicts Magic Force damage with 80 power on All Enemies.,All Enemies,[Nekomata] [Blob] [Incubus] (Red Archetype) [Kurama Tengu]  [Shiisaa] (Red Archetype) [Yaksini]  [Unicorn]  [Isis] (Red Archetype) [Tsukuyomi] (Clear Archetype),[Chupacabra] [Legion] [Tam Lin] (Red Gacha) [Pele] (Yellow Gacha) [Makami] (Yellow Gacha) [Lailah] (Yellow Gacha) [Jatayu] (Red Gacha) [Beiji-Weng] (Yellow Gacha)
force,Mazanma,マハザンマ,6 MP,Inflicts Magic Force damage with 100 power on All Enemies.,All Enemies,[Lilim] [Hanuman] ,[Jikokuten] [Prometheus] (Yellow Gacha)
force,Mazandyne,マハザンダイン,7 MP,Inflicts Magic Force damage with 120 power on All Enemies.,All Enemies,[Rangda] [Cu Chulainn] ,[Ganesha] (Yellow Gacha)[Ananta] (Yellow Gacha)
force,Wind Breath,ウインドブレス,4 MP,Inflicts Magic Force damage 2 to 4 times with 40 power on Random Enemy/ies.,Random Enemy/ies,[Koppa Tengu] (Clear Archetype) [Shiisaa]  [Legion] (Red Archetype) [Tam Lin]  [Mermaid]  [Scathach] ,[Yatagarasu] (Purple Gacha)[Rangda] (Red Gacha) [Ongyo-Ki] (Teal Gacha) [Vishnu] (Purple Gacha) [Yoshitsune] (Teal Gacha)
force,Twister,ツイスター,5 MP,Inflicts Magic Force damage 2 to 4 times with 50 power on Random Enemy/ies.,Random Enemy/ies,[Oberon] (Red Archetype)[Lakshmi] ,[Sleipnir] (Purple Gacha)[Pallas Athena] (Teal Gacha)
light,Hama,ハマ,4 MP,Inflicts Magic Light damage with 120 power on a Single Enemy.,Single Enemy,[Jack Frost] (Clear Archetype) [Archangel]  [Kurama Tengu]  [Shiki-Ouji] ,[Angel] [Hamsa] [Mad Gasser] (Yellow Gacha) [Fenrir] (Teal Gacha)
light,Hamaon,ハマオン,5 MP,Inflicts Magic Light damage with 140 power on a Single Enemy.,Single Enemy,[Kanbari] [Fomorian] [Principality]  [Virtue]  [Kushinada-Hime] (Red Archetype),[Arianrhod] [Tsukuyomi] (Purple Gacha) [Vishnu] (Teal Gacha)
light,Hamadyne,ハマダイン,6 MP,Inflicts Magic Light damage with 160 power on a Single Enemy.,Single Enemy,[Tam Lin] (Clear Archetype)[Lailah] (Red Archetype) [Horus] (Red Archetype) [Sleipnir] (Red Archetype) [Dantalian] ,[Sandalphon] [Susano-o] (Teal Gacha) [Mastema] (Purple Gacha)
light,Thunderclap,裁きの雷火,7 MP,Inflicts Magic Light damage with 180 power on a Single Enemy.,Single Enemy,[Ishtar] (Red Archetype)[Michael] (Red Archetype),[Wu Kong] (Red Gacha)
light,God's Bow,ゴッドアロー,7 MP,"Inflicts Magic Light damage with 200 power on a Single Enemy, with 50% kill rate.",Single Enemy,[White Rider] ,
light,Mahama,マハンマ,5 MP,Inflicts Magic Light damage with 80 power on All Enemies.,All Enemies,[Angel] [Hamsa] (Red Archetype) [Kurama Tengu] (Clear Archetype) [Apis]  [Kushinada-Hime]  [Feng Huang] (Red Archetype),[Valkyrie] [Kaiwan] (Teal Gacha) [Chimera] (Yellow Gacha) [Yurlungur] (Teal Gacha)
light,Mahamaon,マハンマオン,6 MP,Inflicts Magic Light damage with 100 power on All Enemies.,All Enemies,[Lailah] [Horus] [Mitra] (Red Archetype) [Throne] (Red Archetype) [Sandalphon] (Red Archetype) [Sleipnir]  [Sphinx] ,[Zhong Kui] (Teal Gacha)[Ishtar] 
light,Mahamadyne,マハンマダイン,7 MP,Inflicts Magic Light damage with 120 power on All Enemies.,All Enemies,[Metatron] (Red Archetype),[Thor] (Red Gacha)
light,Ordeal of Hatred,憎悪の試練,7 MP,Inflicts Magic Light damage with 120 power on All Enemies and increases ATK or DEF or EVA/ACC by 20% for 3 turns.,All Enemies,[Mastema] ,
light,Judgement Light,審判の光,4 MP,Inflicts Magic Light damage 2 to 4 times with 40 power on Random Enemy/ies.,Random Enemy/ies,[Angel] (Red Archetype)[Principality] (Red Archetype) [Virtue] (Red Archetype) [Kresnik]  [Anubis] ,[Hanuman] (Purple Gacha)[Azrael] (Teal Gacha) [Girimehkala] (Red Gacha) [Mastema]  [Asherah] (Red Gacha)
light,Holy Wrath,天罰,5 MP,Inflicts Magic Light damage 2 to 4 times with 50 power on Random Enemy/ies.,Random Enemy/ies,[Pallas Athena] [Jeanne D'Arc]  [Ananta] (Clear Archetype) [Michael]  [Vishnu] ,[Ganesha] (Purple Gacha)[Metatron] 
dark,Mudo,ムド,4 MP,Inflicts Magic Dark damage with 120 power on a Single Enemy.,Single Enemy,[Preta] [Phantom] [Legion] [Shadow]  [Shiki-Ouji] ,[Eligor] [Mou-Ryo] [Power] (Yellow Gacha) [Kushinada-Hime] (Red Gacha) [Arahabaki] (Purple Gacha)
dark,Mudoon,ムドオン,5 MP,Inflicts Magic Dark damage with 140 power on a Single Enemy.,Single Enemy,[Leanan Sidhe] (Red Archetype) [Incubus]  [Pisaca] (Red Archetype) [Shadow] (Red Archetype) [Chatterskull]  [Tsukuyomi] (Red Archetype),[Kamiotoko] [Kaiwan] [Loki] (Teal Gacha)
dark,Mudodyne,ムドダイン,6 MP,Inflicts Magic Dark damage with 160 power on a Single Enemy.,Single Enemy,[Baphomet] (Red Archetype)[Mad Gasser]  [Rangda]  [Azrael] (Red Archetype) [Anubis]  [Alice]  [Vishnu] (Clear Archetype),[Beelzebub] [Lucifer] (Red Gacha)
dark,Hell Gaze,死んでくれる？,7 MP,Inflicts Magic Dark damage with 180 power on a Single Enemy.,Single Enemy,[Alice] (Red Archetype),[Wu Kong] (Yellow Gacha)
dark,Die for Me!,ヘルズアイ,7 MP,Kills a Single Enemy. 1 Use.,Single Enemy,[Alice] ,
dark,Mamudo,マハムド,5 MP,Inflicts Magic Dark damage with 80 power on All Enemies.,All Enemies,[Kaiwan] ,[Pisaca] [Baphomet] [Kresnik] (Yellow Gacha) [Titania] (Yellow Gacha)
dark,Mamudoon,マハムドオン,6 MP,Inflicts Magic Dark damage with 100 power on All Enemies.,All Enemies,[Yomotsu-Ikusa] [Kaiwan] (Red Archetype) [Peallaidh]  [Skadi] ,[Succubus] (Teal Gacha)[Loki] (Purple Gacha) [Alice] 
dark,Mamudodyne,暴食の大罪,7 MP,Inflicts Magic Dark damage with 120 power on All Enemies.,All Enemies,[Pazuzu] (Red Archetype),[Zhong Kui] (Red Gacha)
dark,Allure,マハムドダイン,6 MP,Inflicts Magic Dark damage with 90 power on All Enemies with 25% chance to Inflicts Charm.,All Enemies,[Lilith] ,
dark,Gluttony,暴食の大罪,7 MP,"Inflicts Magic Dark damage with 130 power on All Enemies, while healing caster 50% of damage dealt.",All Enemies,[Beelzebub] ,
dark,Evil Gaze,イーブルアイ,4 MP,Inflicts Magic Dark damage 2 to 4 times with 40 power on Random Enemy/ies.,Random Enemy/ies,[Mou-Ryo] (Red Archetype)[Peallaidh] (Red Archetype) [Mitra]  [Azrael] ,[Hanuman] (Yellow Gacha)[Sarasvati] (Teal Gacha) [Odin] (Red Gacha) [Sphinx] (Teal Gacha) [Siegfried] (Teal Gacha) [Thor] (Purple Gacha)
dark,Purgatory,煉獄,5 MP,Inflicts Magic Dark damage 2 to 4 times with 50 power on Random Enemy/ies.,Random Enemy/ies,[Pazuzu] [Rangda] (Red Archetype) [Anubis] (Red Archetype) [Samael] (Red Archetype),[Jeanne D'Arc] (Purple Gacha)[Lilith] (Purple Gacha)
almighty,Mind Break,吸血,5 MP,Inflicts Magic Almighty damage with 80 power on a Single Enemy and reduces MP by 3 MP.,Single Enemy,[Lilith] (Red Archetype)[Seth] (Red Archetype),[Baihu] (Purple Gacha)[Jeanne D'Arc] (Red Gacha)
almighty,Spirit Drain,エナジードレイン,6 MP,Inflicts Magic Almighty damage with 100 power on a Single Enemy and drains 1MP.,Single Enemy,[Slime] (Red Archetype)[Blob] (Red Archetype) [Mou-Ryo] (Clear Archetype) [Sparna] (Red Archetype) [Kelpie] (Red Archetype) [Lilim] (Clear Archetype) [Succubus] (Clear Archetype),[Orochi] (Purple Gacha)[Oberon] (Teal Gacha) [Rangda] (Teal Gacha) [Anubis] (Red Gacha) [Metatron] (Red Gacha)
almighty,Energy Drain,メギドら,7 MP,"Inflicts Magic Almighty damage with 100 power on a Single Enemy, while healing caster 25% of damage dealt and drains 1MP.",Single Enemy,[Arahabaki] (Clear Archetype)[Vetala] (Red Archetype) [Lilith]  [Samael] ,[Bishamonten] (Red Gacha)
almighty,Soul Drain,混沌の海,8 MP,"Inflicts Magic Almighty damage with 140 power on a Single Enemy, while healing caster 40% of damage dealt and drains 1MP.",Single Enemy,[White Rider] (Red Archetype)[Alice] (Clear Archetype) [Mara] (Red Archetype) [Trumpeter] ,[Berserker] (Red Gacha)
almighty,Life Drain,デスタッチ,5 MP,"Inflicts Magic Almighty damage with 120 power on a Single Enemy, while healing caster 25% of damage dealt and drains 1MP.",Single Enemy,[Slime] (Clear Archetype)[Preta] (Red Archetype) [Incubus] (Clear Archetype) [Pisaca]  [Baphomet] ,[Jikokuten] (Teal Gacha)[Succubus] (Red Gacha)
almighty,Darktouch,ソウルドレイン,6 MP,"Inflicts Magic Almighty damage with 140 power on a Single Enemy, while healing caster 40% of damage dealt.",Single Enemy,[Black Ooze] (Red Archetype)[Ammut]  [Chatterskull]  [Mad Gasser] (Red Archetype) [Ongyo-Ki] (Clear Archetype),[Throne] (Purple Gacha)
almighty,Divine Bows' Allure,アポカリプス,8 MP,Inflicts Magic Almighty damage with 190 power on a Single Enemy with 45% chance to inflict Charm.,Single Enemy,[Kama] ,
almighty,Megido,吸魔,6 MP,Inflicts Magic Almighty damage with 80 power on All Enemies.,All Enemies,[Dis] (Red Archetype)[Power] [Shiki-Ouji] (Red Archetype) [Dominion] (Clear Archetype) [Mitra] (Clear Archetype),[Arahabaki] [Kinmamon] 
almighty,Megidola,メギド,7 MP,Inflicts Magic Almighty damage with 100 power on All Enemies.,All Enemies,[Kinmamon] (Clear Archetype),[Cu Chulainn] (Red Gacha)[Siegfried] (Purple Gacha) [Alilat] 
almighty,Megidolaon,明けの明星,8 MP,Inflicts Magic Almighty damage with 120 power on All Enemies.,All Enemies,[Michael] [Vishnu] (Red Archetype),[Lucifer] 
almighty,Pralaya,メギドラオン,8 MP,Inflicts Magic Almighty damage with 125 power on All Enemies while removing Repel Phys and Repel Mag. The damage inflicted by this skill is dependent on Phys ATK.,All Enemies,[Shiva] ,
almighty,Apocalypse,プララヤ,8 MP,Inflicts Magic Almighty damage with 110 power on All Enemies with 30% chance to inflict Mute.,All Enemies,[Trumpeter] ,
almighty,Morning Star,ジャッジメント,8 MP,Inflicts Magic Almighty damage with 150 power on All Enemies. 3 Uses.,All Enemies,[Lucifer] ,
almighty,Judgement,精神漏出,9 MP,Inflicts Magic Almighty damage with 150 power on All Enemies and increases own party's ATK 20% for 3 turns.,All Enemies,[Jeanne D'Arc] (Red Archetype) [Ishtar]  [Trumpeter] (Red Archetype),
almighty,Sea of Chaos,シナイの神火,9 MP,Inflicts Magic Almighty damage with 100 power on All Enemies and reduces enemy's DEF 20% for 3 turns.,All Enemies,[Asherah] (Clear Archetype),
almighty,Fire of Sinai,魅了の神弓,7 MP,Inflicts Magic Almighty damage 5 times with 45 power on Random Enemy/ies.,Random Enemy/ies,[Metatron] ,
ailment,Poisma,???,5 MP,40% chance to inflict Poison on a Single Enemy.,Single Enemy,[Black Ooze] ,[Blob] [Anubis] (Yellow Gacha)
ailment,Poismaon,???,6 MP,50% chance to inflict Poison on a Single Enemy.,Single Enemy,[Dakini] (Clear Archetype),[Apis] (Yellow Gacha)
ailment,Mapoisma,???,6 MP,30% chance to inflict Poison on All Enemies.,All Enemies,[Blob] (Yellow Archetype)[Baphomet] (Yellow Archetype),[Mad Gasser] [Shiva] (Teal Gacha) [Metatron] (Yellow Gacha)
ailment,Mapoismaon,???,7 MP,40% chance to inflict Poison on All Enemies.,All Enemies,[Ananta] (Yellow Archetype),[Kikuri-Hime] (Yellow Gacha)
ailment,Poison Breath,???,6 MP,30% chance to inflict Poison 2 to 4 times on Random Enemy/ies.,Random Enemy/ies,[Peallaidh] (Clear Archetype),[Dakini] (Red Gacha)
ailment,Shibaboo,???,5 MP,40% chance to inflict Bind on a Single Enemy.,Single Enemy,[Sandman] (Clear Archetype)[Yaksini] (Yellow Archetype),[Shiisaa] 
ailment,Shibabooon,???,6 MP,50% chance to inflict Bind on a Single Enemy.,Single Enemy,[Mou-Ryo] [Mothman] (Yellow Archetype),[Ares] (Purple Gacha)
ailment,Mashibaboo,???,6 MP,30% chance to inflict Bind on All Enemies.,All Enemies,[Pisaca] (Yellow Archetype)[Forneus] (Yellow Archetype) [Mothman] ,[Yurlungur] [Barong] (Yellow Gacha)
ailment,Mashibabooon,???,7 MP,40% chance to inflict Bind on All Enemies.,All Enemies,[Jikokuten] (Yellow Archetype),[Sleipnir] (Teal Gacha)
ailment,Bind Voice,???,6 MP,30% chance to inflict Bind 2 to 4 times on Random Enemy/ies.,Random Enemy/ies,[Feng Huang] (Yellow Archetype) [Girimehkala] (Clear Archetype) [Dantalian] (Yellow Archetype) [Mastema] ,
ailment,Marin Karin,???,5 MP,40% chance to inflict Charm on a Single Enemy.,Single Enemy,[Decarabia] (Clear Archetype)[Lilim] ,[Incubus] [Seth] (Red Gacha)
ailment,Marin Karion,???,6 MP,50% chance to inflict Charm on a Single Enemy.,Single Enemy,[Kikuri-Hime] ,[Lucifer] (Teal Gacha)
ailment,Mamarin Karin,???,6 MP,30% chance to inflict Charm on All Enemies.,All Enemies,,[Succubus] [Thor] (Teal Gacha) [Seth] (Yellow Gacha)
ailment,Mamarin Karion,???,7 MP,40% chance to inflict Charm on All Enemies.,All Enemies,[Oberon] ,[Thor] (Yellow Gacha)
ailment,Sexy Dance,???,6 MP,30% chance to inflict Charm 2 to 4 times on Random Enemy/ies.,Random Enemy/ies,[Mermaid] (Clear Archetype)[Lakshmi] ,[Ares] (Yellow Gacha)
ailment,Makajam,???,5 MP,40% chance to inflict Mute on a Single Enemy.,Single Enemy,[Hamsa] (Clear Archetype),[Dis] [Cu Chulainn] (Yellow Gacha) [Barong] (Teal Gacha)
ailment,Makajamaon,???,6 MP,50% chance to inflict Mute on a Single Enemy.,Single Enemy,[Lailah] (Clear Archetype)[Titania]  [Mastema] (Yellow Archetype),[Bishamonten] (Yellow Gacha)
ailment,Mamakajam,???,6 MP,30% chance to inflict Mute on All Enemies.,All Enemies,[Dakini] (Yellow Archetype)[Isis] ,[Skadi] [Garuda] (Red Gacha)[Yoshitsune] (Red Gacha)
ailment,Mamakajaon,???,7 MP,40% chance to inflict Mute on All Enemies.,All Enemies,[Trumpeter] (Clear Archetype),[Mara] (Purple Gacha)
ailment,White Noise,???,6 MP,30% chance to inflict Mute 2 to 4 times on Random Enemy/ies.,Random Enemy/ies,[Pazuzu] (Clear Archetype)[White Rider] ,[Jikokuten] (Purple Gacha)
ailment,Ju,???,5 MP,50% chance to inflict Curse on a Single Enemy.,Single Enemy,[Pisaca] (Clear Archetype),[Black Ooze] [Abaddon] (Purple Gacha) [Sphinx] (Red Gacha) [Seth] (Teal Gacha)
ailment,Juon,???,6 MP,60% chance to inflict Curse on a Single Enemy.,Single Enemy,[Yomotsu-Ikusa] (Yellow Archetype),[Amaterasu] (Red Gacha)
ailment,Maju,???,6 MP,40% chance to inflict Curse on All Enemies.,All Enemies,[Black Ooze] (Yellow Archetype),[Mitra] 
ailment,Majuon,???,7 MP,50% chance to inflict Curse on All Enemies.,All Enemies,[Alice] (Yellow Archetype),[Rangda] 
ailment,Curse,???,6 MP,40% chance to inflict Curse 1 to 4 times on Random Enemy/ies.,Random Enemy/ies,[Azrael] (Yellow Archetype)[Loki] (Yellow Archetype) [Trumpeter] (Yellow Archetype),[Shiki-Ouji] (Purple Gacha)
ailment,Desolate,???,5 MP,70% chance to inflict Weak on a Single Enemy.,Single Enemy,[Naga] (Yellow Archetype)[Shadow] (Yellow Archetype),[High Pixie] [Ganesha] (Teal Gacha)
ailment,Desolateon,???,6 MP,80% chance to inflict Weak on a Single Enemy.,Single Enemy,[Titania] (Yellow Archetype)[Zhong Kui] (Yellow Archetype),[Mara] (Yellow Gacha)[Shiva] (Red Gacha)
ailment,Madesolate,???,6 MP,60% chance to inflict Weak on All Enemies.,All Enemies,[Abaddon] (Yellow Archetype)[Succubus] (Yellow Archetype),[Peallaidh] 
ailment,Madesolateon,???,7 MP,70% chance to inflict Weak on All Enemies.,All Enemies,[Cerberus] (Yellow Archetype),[Beelzebub] (Red Gacha)
ailment,Outbreak,???,6 MP,60% chance to inflict Weak 1 to 4 times on Random Enemy/ies.,Random Enemy/ies,[Wu Kong] (Yellow Archetype)[Ongyo-Ki] (Yellow Archetype) [Beelzebub] (Yellow Archetype) [Seth] (Yellow Archetype),[Efreet] (Teal Gacha)
recovery,Dia,???,4 MP,Heals a Single Party Member with 50 power.,Single Party Member,[Pixie] [Azumi] (Yellow Archetype),[Melchom] [Leanan Sidhe] [Makami] (Purple Gacha) [Shiki-Ouji] (Teal Gacha) [Mitra] (Yellow Gacha) [Anubis] (Purple Gacha)
recovery,Diara,???,5 MP,Heals a Single Party Member with 90 power.,Single Party Member,[Apsaras] (Clear Archetype)[Angel]  [High Pixie] (Yellow Archetype) [Sparna] (Clear Archetype) [Power] (Clear Archetype) [Pele] (Clear Archetype) [Arianrhod] (Clear Archetype),[Kelpie] [Kushinada-Hime] 
recovery,Diarama,???,6 MP,Heals a Single Party Member with 130 power.,Single Party Member,[Makami] [Scathach] (Yellow Archetype) [Kikuri-Hime] (Yellow Archetype) [Yurlungur] (Yellow Archetype),[Horus] 
recovery,Diarahan,???,7 MP,Heals a Single Party Member with 170 power.,Single Party Member,[Throne] (Yellow Archetype)[Sleipnir] (Yellow Archetype) [Pallas Athena] (Yellow Archetype) [Ishtar]  [Alilat] (Clear Archetype),[Susano-o] (Red Gacha)[Ananta]  [Lakshmi] 
recovery,Orleans Prayer,???,6 MP,Heals a Single Party Member with 130 power and grants 3 MP to them.,Single Party Member,[Jeanne D'Arc] ,
recovery,Media,???,6 MP,Heals All Party Members with 25 power.,All Party Members,[Pixie] (Yellow Archetype)[Obariyon]  [Leanan Sidhe] (Clear Archetype) [Hamsa] (Yellow Archetype) [High Pixie]  [Principality] (Clear Archetype) [Hare of Inaba]  [Mermaid]  [Arianrhod]  [Kushinada-Hime] (Clear Archetype),[Heqet] [Power] [Apis] (Purple Gacha) [Chimera] (Purple Gacha) [Ose] (Purple Gacha) [Mitra] (Red Gacha) [Pazuzu] (Yellow Gacha)
recovery,Mediara,???,7 MP,Heals All Party Members with 60 power.,All Party Members,[Dis] (Clear Archetype)[Tam Lin] (Yellow Archetype) [Silky] (Clear Archetype) [Apis] (Clear Archetype) [Throne] (Clear Archetype),[Lailah] [Skadi] (Purple Gacha)
recovery,Mediarama,???,8 MP,Heals All Party Members with 95 power.,All Party Members,[Feng Huang] [Pazuzu] [Sarasvati] (Yellow Archetype),[Jeanne D'Arc] (Yellow Gacha)[Asherah] 
recovery,Mediarahan,???,9 MP,Heals All Party Members with 130 power.,All Party Members,[Sphinx] (Yellow Archetype)[Amaterasu] (Yellow Archetype) [Michael] (Yellow Archetype),[Jikokuten] (Yellow Gacha)
recovery,Salvation,???,10 MP,Heals All Party Members with 95 power. Cures all status aliments.,All Party Members,[Samael] [Huang Di] (Yellow Archetype) [Metatron] (Yellow Archetype),
recovery,Barong Dance,???,7 MP,"Heals All Party Members with 95 power and increase ATK, DEF, EV/AC of All Party Members by 20% for 3 turns. 3 Uses.",All Party Members,[Barong] ,
recovery,Posumudi,???,3 MP,Cures a Single Party Member of Poison. Reduces the chance of being Poisoned during this wave by 30%.,Single Party Member,[Slime] (Yellow Archetype),[Apsaras] [Chatterskull] (Yellow Gacha) [Odin] (Teal Gacha)
recovery,Meposumudi,???,4 MP,Cures All Party Members of Poison. Reduces the chance of being Poisoned during this wave by 30%.,All Party Members,[Heqet] [Hathor] (Clear Archetype) [Arahabaki] (Yellow Archetype),[Pele] [Jatayu] (Purple Gacha) [Sandalphon] (Red Gacha) [Ganesha] (Red Gacha)
recovery,Closedi,???,3 MP,Cures a Single Party Member of Mute. Reduces the chance of being Muteed during this wave by 30%.,Single Party Member,[Agathion] (Yellow Archetype),[Obariyon] [Valkyrie] (Purple Gacha) [Yomotsu-Ikusa] (Red Gacha) [Mermaid] (Red Gacha) [Apis] (Teal Gacha) [Arianrhod] (Teal Gacha) [Feng Huang] (Yellow Gacha) [Berserker] (Purple Gacha) [Girimehkala] (Purple Gacha)
recovery,Meclosedi,???,4 MP,Cures All Party Members of Mute. Reduces the chance of being Muteed during this wave by 30%.,All Party Members,[Decarabia] (Yellow Archetype) [Unicorn] (Yellow Archetype) [Lilim] (Yellow Archetype) [Efreet] (Yellow Archetype),[Forneus] (Yellow Gacha)[Virtue]  [Abaddon] (Teal Gacha)
recovery,Charmdi,???,3 MP,Cures a Single Party Member of Charm. Reduces the chance of being Charmed during this wave by 30%.,Single Party Member,[Bicorn] (Yellow Archetype)[Angel] (Yellow Archetype),[Nekomata] [Forneus] (Teal Gacha) [Arianrhod] (Yellow Gacha) [Ose] (Yellow Gacha)
recovery,Mecharmdi,???,4 MP,Cures All Party Members of Charm. Reduces the chance of being Charmed during this wave by 30%.,All Party Members,[Apsaras] (Yellow Archetype)[Hathor] (Yellow Archetype) [Mermaid] (Yellow Archetype) [Oberon] (Yellow Archetype),[Zouchouten] (Purple Gacha)[Unicorn]  [Mad Gasser] (Teal Gacha) [Arahabaki] (Teal Gacha) [Dominion] (Red Gacha) [Isis] (Purple Gacha) [Sarasvati] (Red Gacha) [Bishamonten] (Purple Gacha) [White Rider] (Purple Gacha)
recovery,Paraladi,???,3 MP,Cures a Single Party Member of Bind. Reduces the chance of being Binded during this wave by 30%.,Single Party Member,[Inugami] ,[Azumi] [Makami] (Red Gacha)[Mermaid] (Purple Gacha) [Chimera] (Red Gacha) [Horus] (Yellow Gacha)
recovery,Meparaladi,???,4 MP,Cures All Party Members of Bind. Reduces the chance of being Binded during this wave by 30%.,All Party Members,[Incubus] (Yellow Archetype)[Take-Minakata] (Yellow Archetype),[Power] (Red Gacha)[Makami] [Mothman] (Teal Gacha) [Kushinada-Hime] (Purple Gacha) [Feng Huang] (Purple Gacha)
recovery,Cursedi,???,3 MP,Cures a Single Party Member of Curse. Reduces the chance of being Cursed during this wave by 30%.,Single Party Member,[Melchom] (Yellow Archetype)[Nozuchi] (Yellow Archetype) [Mou-Ryo] (Yellow Archetype) [Principality] (Yellow Archetype),[Agathion] [Unicorn] (Purple Gacha) [Jatayu] (Teal Gacha) [Setanta] (Purple Gacha) [Horus] (Red Gacha) [Vetala] (Red Gacha)
recovery,Mecursedi,???,4 MP,Cures All Party Members of Curse. Reduces the chance of being Cursed during this wave by 30%.,All Party Members,,[Yomotsu-Ikusa] (Purple Gacha) [Dominion] 
recovery,Weakdi,???,3 MP,Cures a Single Party Member of Weak. Reduces the chance of being Weakened during this wave by 30%.,Single Party Member,[Mokoi] (Yellow Archetype)[Yomotsu-Shikome] (Yellow Archetype),[Chagrin] [Valkyrie] (Teal Gacha) [Lilim] (Purple Gacha)
recovery,Meweakdi,???,4 MP,Cures All Party Members of Weak. Reduces the chance of being Weakened during this wave by 30%.,All Party Members,[Isis] (Yellow Archetype),[Pele] (Red Gacha)[Valkyrie] (Red Gacha) [Yomotsu-Ikusa] (Teal Gacha) [Silky]  [Shiki-Ouji] (Red Gacha) [Fenrir] (Purple Gacha)
recovery,Recarm,???,6 MP,Revive a Single Party Member with 10% HP.,Single Party Member,[Leanan Sidhe] (Yellow Archetype) [Orthrus] (Yellow Archetype) [Pele] (Yellow Archetype) [Hare of Inaba] (Clear Archetype) [Lailah] (Yellow Archetype) [Jatayu] (Yellow Archetype) [Tsukuyomi] (Yellow Archetype) [Beiji-Weng] (Clear Archetype),[Principality] 
recovery,Samarecarm,???,8 MP,Revive a Single Party Member with full HP.,Single Party Member,[Makami] (Yellow Archetype)[Sandalphon] (Yellow Archetype) [Sleipnir] (Clear Archetype) [Pazuzu] (Yellow Archetype) [Yurlungur]  [Lilith] (Yellow Archetype) [Ishtar] (Clear Archetype),[Isis] 
recovery,Recarmdra,???,8 MP,"Revive All Party Members with full HP, caster dies.",All Party Members,[Orochi] (Yellow Archetype)[Attis]  [Prometheus] (Yellow Archetype) [Rangda] (Yellow Archetype) [White Rider] (Yellow Archetype) [Cu Chulainn] (Yellow Archetype) [Barong] (Yellow Archetype) [Lucifer] (Yellow Archetype),[Yurlungur] (Yellow Gacha)
recovery,Mother's Creation,???,8 MP,Revive a Single Party Member with full HP and Lydia.,Single Party Member,[Asherah] ,
recovery,Amrita,???,4 MP,Cures all status ailments of a Single Party Member.,Single Party Member,[Cu Sith] (Clear Archetype)[Nekomata] (Yellow Archetype) [Abraxas] (Yellow Archetype) [Makami] (Clear Archetype) [Horus] (Yellow Archetype) [Sandalphon] (Clear Archetype),[Hathor] [Garuda] (Yellow Gacha)
recovery,Prayer,???,5 MP,Cures all status ailments of All Party Members.,All Party Members,[Dominion] (Yellow Archetype)[Vishnu] (Yellow Archetype),
recovery,Silent Prayer,???,7 MP,Cures all status ailments of All Party Members and Enemies.,Universal,[Sarasvati] [Jeanne D'Arc] (Yellow Archetype) [Asherah] (Yellow Archetype),[Pallas Athena] (Yellow Gacha)
support,Tarukaja,???,5 MP,Attack +20% for 3 turns,All Party Members,[Cu Sith] (Yellow Archetype)[Abraxas]  [Shadow] (Clear Archetype) [Setanta] (Yellow Archetype) [Bishamonten] (Clear Archetype) [Odin] (Yellow Archetype),[Archangel] [Apis] [Oberon] (Purple Gacha) [Trumpeter] (Red Gacha)
support,Rakukaja,???,5 MP,Defense +20% for 3 turns,All Party Members,[Eligor] (Yellow Archetype)[Angel] (Clear Archetype) [Abraxas] (Clear Archetype) [Sparna]  [Gui Xian] (Clear Archetype) [Ganesha] ,[Zouchouten] [Kikuri-Hime] (Teal Gacha) [Amaterasu] (Purple Gacha)
support,Sukukaja,???,5 MP,Hit/avoid +20% for 3 turns,All Party Members,[Chagrin] (Yellow Archetype)[Nekomata] (Clear Archetype) [Hamsa]  [Kaiwan] (Clear Archetype) [Koumokuten] (Yellow Archetype) [Yatagarasu] (Yellow Archetype),[Kurama Tengu] [Jatayu] [Mad Gasser] (Purple Gacha) [Tsukuyomi] (Red Gacha)
support,Tenson Kourin,???,8 MP,"Tarukaja + Rakukaja + Sukukaja for 6 turns, 3 uses",All Party Members,[Amaterasu] ,
support,Tarunda,???,5 MP,Attack -20% for 3 turns,All Enemies,[Koppa Tengu] (Yellow Archetype) [Blob] (Clear Archetype) [Sparna] (Yellow Archetype) [Amaterasu] ,[Yomotsu-Shikome] [Titania] (Red Gacha) [Lilith] (Yellow Gacha)
support,Rakunda,???,5 MP,Decrease -20% for 3 turns,All Party Members,[Inugami] (Yellow Archetype)[Nue] (Yellow Archetype) [Shiki-Ouji] (Yellow Archetype) [Girimehkala] (Yellow Archetype),[Shadow] [Sandalphon] (Purple Gacha) [Surt] (Purple Gacha)
support,Sukunda,???,5 MP,Hit/avoid -20% for 3 turns,All Enemies,[Obariyon] (Yellow Archetype)[Sandman] (Yellow Archetype) [Kurama Tengu] (Yellow Archetype) [Jatayu] (Clear Archetype),[Baihu] [Kresnik] [Amaterasu] (Teal Gacha)
support,Taunt,???,3 MP,Tarukaja + Rakunda,All Enemies,[Zouchouten] (Yellow Archetype) [Hanuman] (Yellow Archetype) [Wu Kong]  [Ganesha] (Yellow Archetype),[Dantalian] (Purple Gacha)
support,Fog Breath,???,6 MP,Tarunda + Sukunda,All Enemies,[Forneus] [Mitra] (Yellow Archetype) [Dantalian]  [Garuda] (Yellow Archetype),[Susano-o] (Purple Gacha)
support,Acid Breath,???,6 MP,Rakunda + Sukunda,All Enemies,[Vetala] (Yellow Archetype),[Yurlungur] (Red Gacha)
support,War Cry,???,6 MP,Tarunda + Rakunda,All Enemies,[Kamiotoko] (Clear Archetype)[Ammut] (Yellow Archetype) [Chatterskull] (Yellow Archetype) [Chimera] (Yellow Archetype) [Cerberus] ,[Throne] (Red Gacha)
support,Debilitate,???,8 MP,Tarunda + Rakunda + Sukunda,All Enemies,[Seth] ,
support,Dekaja,???,5 MP,Remove all -kaja effects,All Enemies,[Phantom] (Yellow Archetype)[Jatayu]  [Chatterskull] (Clear Archetype) [Shiki-Ouji] (Clear Archetype),[Hare of Inaba] [Orochi] (Yellow Gacha) [Rangda] (Purple Gacha)
support,Dekunda,???,5 MP,Remove all -kundu effects,All Party Members,[Momunofu] (Yellow Archetype)[Heqet] (Yellow Archetype) [Ares] (Clear Archetype) [Horus]  [Anubis] (Clear Archetype) [Kama] ,[Abraxas] [Azrael] (Yellow Gacha) [Ishtar] (Purple Gacha)
support,Makarakarn,???,7 MP,Repel all magical attacks except Almighty for 1 turn,All Party Members,[Arahabaki] [Pallas Athena] (Clear Archetype) [Oberon] (Clear Archetype) [Azrael] (Clear Archetype) [Lakshmi] (Yellow Archetype),[Dantalian] 
support,Tetrakarn,???,7 MP,Repel all physical attacks for one turn,All Party Members,[Ose] (Yellow Archetype)[Anubis] (Yellow Archetype) [Samael] (Yellow Archetype) [Yoshitsune] (Yellow Archetype),[Azrael] 
support,Barrier,???,4 MP,Nullify all ailments for 3 turns,All Party Members,[Virtue] (Clear Archetype)[Kinmamon]  [Orochi] (Clear Archetype) [Beiji-Weng] (Yellow Archetype) [Sarasvati] ,[Sphinx] 
support,Redia,???,4 MP,Recover HP for 3 turns,All Party Members,[High Pixie] (Clear Archetype) [Kelpie] (Yellow Archetype) [Silky] (Yellow Archetype) [Kushinada-Hime] (Yellow Archetype) [Surt] (Yellow Archetype),[Kikuri-Hime] 
support,Charge,???,6 MP,Next physical attack +125% damage,Self,[Oni] (Yellow Archetype)[Zouchouten] (Clear Archetype) [Ares] (Yellow Archetype) [Ose]  [Wu Kong] (Clear Archetype) [Susano-o] (Yellow Archetype) [Siegfried] (Yellow Archetype) [Thor]  [Mara] (Yellow Archetype),[Berserker] 
support,Rebellion,???,6 MP,Next physical attack will critical,Self,[Naga] (Clear Archetype)[Fomorian] (Yellow Archetype) [Power] (Yellow Archetype) [Kresnik] (Yellow Archetype) [Berserker] (Yellow Archetype) [Cu Chulainn] (Clear Archetype) [Siegfried]  [Thor] (Yellow Archetype) [Shiva] (Yellow Archetype),[Ammut] 
support,Charged Rebellion,???,6 MP,Charge + Rebellion,Self,[Girimehkala] ,
support,Concentrate,???,6 MP,Next magical attack +125% damage,Self,[Peallaidh] (Yellow Archetype) [Virtue] (Yellow Archetype) [Baihu] (Yellow Archetype) [Arahabaki]  [King Frost] (Yellow Archetype) [Ishtar] (Yellow Archetype),[Trumpeter] 
support,Barrier Break,???,3 MP,Remove Barrier,All Enemies,[Raijuu] (Yellow Archetype)[Shiisaa] (Yellow Archetype) [Dis] (Yellow Archetype) [Mad Gasser] (Yellow Archetype) [Mitra] ,[Dakini] 
support,Makara Break,???,3 MP,Remove Makarakarn,All Enemies,[Legion] (Yellow Archetype)[Kaiwan] (Yellow Archetype) [Gui Xian] (Yellow Archetype) [Fenrir] (Yellow Archetype) [Skadi] (Yellow Archetype),[Chimera] 
support,Tetra Break,???,3 MP,Remove Tetrakarn,All Enemies,[Valkyrie] (Yellow Archetype)[Horkos] (Yellow Archetype) [Koumokuten] ,[Oni] 
support,Redia Break,???,3 MP,Remove Redia,All Enemies,[Archangel] (Yellow Archetype) [Arianrhod] (Yellow Archetype),[Vetala] 
support,Discord,???,3 MP,Remove Charge and Concentrate,All Enemies,[Preta] (Yellow Archetype)[Apis] (Yellow Archetype) [Bishamonten] (Yellow Archetype),[Chatterskull] 
support,Tag,???,3 MP,Pass without consuming Press Turn,Self,[Jack Frost] (Yellow Archetype) [Pyro Jack] (Yellow Archetype),
passive,Mana Bonus,???,Passive,Max MP +1,Self,[Melchom] (Purple Archetype)[Pyro Jack] (Purple Archetype) [Take-Minakata] (Purple Archetype) [Hathor] (Purple Archetype) [Mothman] (Clear Archetype),[Yatagarasu] (Yellow Gacha)[Tsukuyomi] 
passive,Mana Gain,???,Passive,Max MP +2,Self,[Baphomet] (Clear Archetype)[Horus] (Clear Archetype) [Isis] (Clear Archetype) [Titania] (Clear Archetype) [Dantalian] (Clear Archetype) [Mastema] (Clear Archetype) [Lakshmi] (Clear Archetype) [Metatron] (Purple Archetype),
passive,Life Bonus,???,Passive,Max HP +10%,Self,[Slime] [Cu Sith] (Purple Archetype) [Azumi] (Purple Archetype),[Nozuchi] 
passive,Life Gain,???,Passive,Max HP +20%,Self,[Heqet] (Purple Archetype)[Naga] (Purple Archetype) [Fomorian] (Purple Archetype) [Scathach] (Clear Archetype) [Cerberus] (Clear Archetype) [Tsukuyomi] (Purple Archetype),
passive,Life Surge,???,Passive,Max HP +30%,Self,[Valkyrie] (Purple Archetype)[Apis] (Purple Archetype) [Jikokuten] (Purple Archetype),
passive,Good Fortune Prayer,???,Passive,"Max HP +10%, All Party Members recover 1 MP whenever a Press Turn is lost",Self,[Ganesha] ,
passive,Vitality Bonus,???,Passive,Vitality +5,Self,,[Yomotsu-Ikusa] (Yellow Gacha) [Ammut] (Purple Gacha) [Arianrhod] (Purple Gacha) [Setanta] (Red Gacha) [Kresnik] (Red Gacha) [Dominion] (Purple Gacha) [Mitra] (Teal Gacha) [Hanuman] (Red Gacha) [Oberon] (Yellow Gacha)
passive,Vitality Gain,???,Passive,Vitality +10,Self,[Horkos] (Purple Archetype)[Kikuri-Hime] (Clear Archetype),[Barong] (Purple Gacha)
passive,Vitality Surge,???,Passive,Vitality +15,Self,[Wu Kong] (Purple Archetype)[Prometheus] (Clear Archetype) [Lucifer] (Clear Archetype),
passive,Strength Bonus,???,Passive,Strength +5,Self,[Mokoi] (Purple Archetype)[Nue] (Purple Archetype) [Yaksini] (Purple Archetype),[Zouchouten] (Yellow Gacha)[Gui Xian] (Yellow Gacha) [Isis] (Red Gacha)
passive,Strength Gain,???,Passive,Strength +10,Self,[Ose] (Purple Archetype),[Skadi] (Yellow Gacha)
passive,Strength Surge,???,Passive,Strength +15,Self,[Susano-o] (Clear Archetype),
passive,Agility Bonus,???,Passive,Agility +5,Self,[Chagrin] (Purple Archetype)[Apsaras] (Purple Archetype) [Raijuu] (Purple Archetype) [Shadow] (Purple Archetype),[Forneus] (Red Gacha)[Peallaidh] (Purple Gacha) [Virtue] (Teal Gacha) [Vetala] (Purple Gacha) [Abaddon] (Red Gacha) [Cerberus] (Teal Gacha)
passive,Agility Gain,???,Passive,Agility +10,Self,[Ammut] (Clear Archetype)[Fenrir] ,
passive,Agility Surge,???,Passive,Agility +15,Self,[Sleipnir] (Purple Archetype),
passive,Magic Bonus,???,Passive,Magic +5,Self,[Mou-Ryo] (Purple Archetype),[Power] (Purple Gacha)[Pele] (Teal Gacha) [Unicorn] (Yellow Gacha) [Kaiwan] (Red Gacha) [Dakini] (Purple Gacha) [Berserker] (Yellow Gacha)
passive,Magic Gain,???,Passive,Magic +10,Self,[Lilim] (Purple Archetype),
passive,Magic Surge,???,Passive,Magic +15,Self,[Garuda] (Clear Archetype)[Amaterasu] (Purple Archetype),
passive,Luck Bonus,???,Passive,Luck +5,Self,[Agathion] (Purple Archetype),[Kaiwan] (Yellow Gacha)[Virtue] (Purple Gacha) [Lilim] (Red Gacha) [Koumokuten] (Red Gacha) [Ongyo-Ki] (Purple Gacha)
passive,Luck Gain,???,Passive,Luck +10,Self,[Pele] (Purple Archetype)[Skadi] (Clear Archetype),[Dantalian] (Teal Gacha)[Asherah] (Purple Gacha)
passive,Luck Surge,???,Passive,Luck +15,Self,[King Frost] (Purple Archetype) [Yurlungur] (Clear Archetype) [Lilith] (Purple Archetype),
passive,Lunar Blessing,???,Passive,Skill costs -1 MP,Self,[Tsukuyomi] ,
passive,Null Chakra,???,Passive,MP recovery per turn +1,Self,[Mermaid] (Purple Archetype)[Prometheus] (Purple Archetype) [Samael] (Purple Archetype) [Metatron] ,
passive,Resist Phys,???,Passive,Resist Phys damage,Self,[Melchom] (Teal Archetype)[Archangel] (Teal Archetype) [Nue] (Teal Archetype) [Yaksini] (Teal Archetype) [Pele] (Teal Archetype) [Ares] (Teal Archetype) [Gui Xian] (Teal Archetype) [Baihu] (Teal Archetype) [Koumokuten] (Teal Archetype) [Feng Huang] (Teal Archetype) [Cerberus] (Teal Archetype) [Titania] (Teal Archetype) [Yatagarasu] (Teal Archetype) [Zhong Kui] (Teal Archetype) [Trumpeter] (Teal Archetype),[Hanuman] [Beelzebub] (Yellow Gacha)
passive,Resist Ice,???,Passive,Resist Ice damage,Self,[Sandman] (Teal Archetype)[Nekomata] (Teal Archetype) [Incubus] (Teal Archetype) [Decarabia] (Teal Archetype) [Hamsa] (Teal Archetype) [Pisaca] (Teal Archetype) [Shiisaa] (Teal Archetype) [Shadow] (Teal Archetype) [Unicorn] (Teal Archetype) [Kaiwan] (Teal Archetype) [Ammut] (Teal Archetype) [Shiki-Ouji] (Teal Archetype) [Dakini] (Teal Archetype) [Oberon] (Teal Archetype),[Throne] (Yellow Gacha)[Odin]  [Sphinx] (Purple Gacha)
passive,Resist Force,???,Passive,Resist Force damage,Self,[Slime] (Teal Archetype)[Azumi] (Teal Archetype) [Preta] (Teal Archetype) [Leanan Sidhe] (Teal Archetype) [Pyro Jack] (Teal Archetype) [Momunofu] (Teal Archetype) [Blob] (Teal Archetype) [Yomotsu-Shikome] (Teal Archetype) [Oni] (Teal Archetype) [Dis] (Teal Archetype) [Power] (Teal Archetype) [Chatterskull] (Teal Archetype) [Chimera] (Teal Archetype) [Mitra] (Teal Archetype) [Sandalphon] (Teal Archetype) [Fenrir] (Teal Archetype) [Girimehkala] (Teal Archetype),[Pallas Athena] [Bishamonten] (Teal Gacha)
passive,Resist Fire,???,Passive,Resist Fire damage,Self,[Cu Sith] (Teal Archetype)[Obariyon] (Teal Archetype) [Koppa Tengu] (Teal Archetype) [Nozuchi] (Teal Archetype) [Kurama Tengu] (Teal Archetype) [Heqet] (Teal Archetype) [Legion] (Teal Archetype) [Tam Lin] (Teal Archetype) [Vetala] (Teal Archetype) [King Frost] (Teal Archetype) [Skadi] (Teal Archetype) [Yurlungur] (Teal Archetype) [Seth] (Teal Archetype),[Kikuri-Hime] (Red Gacha)[Pazuzu]  [Michael] (Yellow Gacha) [Trumpeter] (Teal Gacha)
passive,Resist Light,???,Passive,Resist Light damage,Self,[Pixie] (Teal Archetype)[Bicorn] (Teal Archetype) [Eligor] (Teal Archetype) [High Pixie] (Teal Archetype) [Fomorian] (Teal Archetype) [Yomotsu-Ikusa] (Teal Archetype) [Baphomet] (Teal Archetype) [Peallaidh] (Teal Archetype) [Succubus] (Teal Archetype) [Loki] (Teal Archetype),[Beiji-Weng] (Red Gacha)[Bishamonten] 
passive,Resist Elec,???,Passive,Resist Elec damage,Self,[Jack Frost] (Teal Archetype)[Phantom] (Teal Archetype) [Apsaras] (Teal Archetype) [Angel] (Teal Archetype) [Orthrus] (Teal Archetype) [Valkyrie] (Teal Archetype) [Forneus] (Clear Archetype) [Lailah] (Teal Archetype) [Jatayu] (Teal Archetype) [Setanta] (Teal Archetype) [Scathach] (Teal Archetype) [Efreet] (Teal Archetype),[Throne] [Prometheus] (Red Gacha) [Skadi] (Teal Gacha) [Beelzebub] (Teal Gacha) [Mastema] (Teal Gacha)
passive,Resist Dark,???,Passive,Resist Dark damage,Self,[Chagrin] (Teal Archetype)[Mokoi] (Teal Archetype) [Agathion] (Teal Archetype) [Inugami] (Teal Archetype) [Take-Minakata] (Teal Archetype) [Principality] (Teal Archetype) [Kelpie] (Teal Archetype) [Zouchouten] (Teal Archetype) [Apis] (Teal Archetype) [Kikuri-Hime] (Teal Archetype) [Bishamonten] (Teal Archetype),[Fenrir] (Red Gacha)[Girimehkala] 
passive,Null Phys,???,Passive,Nullify Phys damage,Self,[Ose] (Teal Archetype)[Abaddon] (Teal Archetype) [Wu Kong] (Teal Archetype),[Huang Di] (Yellow Gacha)
passive,Null Ice,???,Passive,Nullify Ice damage,Self,[Naga] (Teal Archetype)[Mermaid] (Teal Archetype) [Arianrhod] (Teal Archetype) [Horkos] (Teal Archetype) [Virtue] (Teal Archetype) [Arahabaki] (Teal Archetype) [Berserker] (Teal Archetype) [Throne] (Teal Archetype) [Sphinx] (Teal Archetype) [Surt] (Teal Archetype) [Mara] (Teal Archetype),
passive,Null Force,???,Passive,Nullify Force damage,Self,[Hathor] (Teal Archetype)[Silky] (Teal Archetype) [Isis] (Teal Archetype) [Rangda] (Teal Archetype) [White Rider] (Teal Archetype) [Ishtar] (Teal Archetype) [Siegfried] (Teal Archetype) [Lakshmi] (Teal Archetype),
passive,Null Fire,???,Passive,Nullify Fire damage,Self,[Black Ooze] (Teal Archetype)[Mothman] (Teal Archetype) [Jikokuten] (Teal Archetype) [Pallas Athena] (Teal Archetype) [Samael] (Teal Archetype),
passive,Null Light,???,Passive,Nullify Light damage,Self,[Forneus] (Teal Archetype)[Kushinada-Hime] (Teal Archetype) [Orochi] (Teal Archetype) [Sleipnir] (Teal Archetype) [Pazuzu] (Teal Archetype) [Garuda] (Teal Archetype) [Lilith] (Teal Archetype),
passive,Null Elec,???,Passive,Nullify Elec damage,Self,[Raijuu] (Teal Archetype)[Sparna] (Teal Archetype) [Makami] (Teal Archetype) [Lilim] (Teal Archetype) [Horus] (Teal Archetype) [Kresnik]  [Dominion] (Teal Archetype) [Amaterasu] (Teal Archetype),
passive,Null Dark,???,Passive,Nullify Dark damage,Self,[Abraxas] (Teal Archetype)[Mad Gasser] (Teal Archetype) [Kresnik] (Teal Archetype) [Ganesha] (Teal Archetype) [Azrael] (Teal Archetype) [Ongyo-Ki] (Teal Archetype) [Anubis] (Teal Archetype) [Odin] (Teal Archetype) [Barong] (Teal Archetype),
passive,Repel Phys,???,Passive,Repel Phys damage,Self,[Beiji-Weng] (Teal Archetype)[Sarasvati] (Teal Archetype) [Mastema] (Teal Archetype) [Asherah] (Teal Archetype),
passive,Repel Force,???,Passive,Repel Force damage,Self,[Hanuman] (Teal Archetype),
passive,Repel Fire,???,Passive,Repel Fire damage,Self,[Jeanne D'Arc] (Teal Archetype) [Thor] (Teal Archetype),
passive,Repel Light,???,Passive,Repel Light damage,Self,[Beelzebub] (Teal Archetype)[Huang Di] (Teal Archetype) [Alice] (Teal Archetype),
passive,Repel Elec,???,Passive,Repel Elec damage,Self,[Metatron] (Teal Archetype),
passive,Repel Dark,???,Passive,Repel Dark damage,Self,[Mou-Ryo] (Teal Archetype)[Dantalian] (Teal Archetype) [Cu Chulainn] (Teal Archetype) [Michael] (Teal Archetype) [Vishnu] (Teal Archetype),
passive,Drain Phys,???,Passive,Drain Phys damage,Self,[Yoshitsune] (Teal Archetype),
passive,Drain Ice,???,Passive,Drain Ice damage,Self,[Ananta] (Teal Archetype)[Shiva] (Teal Archetype),
passive,Drain Fire,???,Passive,Drain Fire damage,Self,[Prometheus] (Teal Archetype)[Tsukuyomi] (Teal Archetype),
passive,Drain Light,???,Passive,Drain Light damage,Self,[Lucifer] (Teal Archetype),
passive,Drain Elec,???,Passive,Drain Elec damage,Self,[Susano-o] (Teal Archetype),
passive,Drain Stance,???,Passive,Enemy loses one more Press Turn when ally Drains attack,Self,[Jikokuten] ,
passive,Spirit Barrier,???,Passive,Ally Repel resistances invalidate enemy Pierce effects,Self,[Alilat] ,
passive,Resist Weak,???,Passive,Weak resistance +50%,Self,,[Raijuu] [Hanuman] (Teal Gacha)
passive,Resist Poison,???,Passive,Poison resistance +50%,Self,[Leanan Sidhe] (Purple Archetype) [Vetala] (Purple Archetype),[Yomotsu-Ikusa] [Prometheus] (Teal Gacha)
passive,Resist Mute,???,Passive,Mute resistance +50%,Self,[Pixie] (Purple Archetype)[Decarabia] (Purple Archetype),[Shiki-Ouji] [Pazuzu] (Red Gacha) [Vishnu] (Yellow Gacha)
passive,Resist Curse,???,Passive,Curse resistance +50%,Self,,[Yaksini] [Sarasvati] (Yellow Gacha) [Alice] (Purple Gacha)
passive,Resist Charm,???,Passive,Charm resistance +50%,Self,[Nekomata] (Purple Archetype),[Lilim] 
passive,Resist Bind,???,Passive,Bind resistance +50%,Self,[Inugami] (Purple Archetype)[Orthrus] (Purple Archetype),[Mothman] [King Frost] (Teal Gacha) [Yatagarasu] (Teal Gacha)
passive,Hellish Mask,???,Passive,Ailment resistance +35%,Self,[Bicorn] (Purple Archetype)[Phantom] (Purple Archetype) [Abraxas] (Purple Archetype) [Sparna] (Purple Archetype) [Mad Gasser] (Clear Archetype) [Peallaidh] (Purple Archetype) [Scathach] (Purple Archetype) [Michael] (Purple Archetype),[Zouchouten] (Red Gacha)[Ares] (Red Gacha) [Abaddon] (Yellow Gacha) [King Frost] (Purple Gacha) [Zhong Kui]  [Asherah] (Yellow Gacha)
passive,Hades Mask,???,Passive,Ailment resistance +60%,Self,[Silky] (Purple Archetype)[Alilat] ,[Huang Di] (Teal Gacha)
passive,Null Weak,???,Passive,Immune to Weak,Self,[Silky] [Vishnu] (Purple Archetype),[Lakshmi] (Purple Gacha)
passive,Null Poison,???,Passive,Immune to Poison,Self,[Pele] [Dakini] (Purple Archetype) [Yurlungur] (Purple Archetype),
passive,Null Mute,???,Passive,Immune to Mute,Self,[Angel] (Purple Archetype)[Virtue]  [Dominion] (Purple Archetype) [Zhong Kui] (Clear Archetype) [Jeanne D'Arc] (Purple Archetype),
passive,Null Curse,???,Passive,Immune to Curse,Self,[Dominion] [Beiji-Weng] (Purple Archetype),
passive,Null Charm,???,Passive,Immune to Charm,Self,[Unicorn] [Ammut] (Purple Archetype) [Succubus] (Purple Archetype) [Huang Di] (Purple Archetype) [Shiva] (Clear Archetype),[Amaterasu] (Yellow Gacha)[Lucifer] (Yellow Gacha)
passive,Null Bind,???,Passive,Immune to Bind,Self,[Makami] [Chatterskull] (Purple Archetype) [White Rider] (Purple Archetype),[Mara] 
passive,Marebito,???,Passive,Immune to ailments,Self,[Kinmamon] ,
passive,Poison Pursuit,???,Passive,Damage +30% to enemies with Poison,Self,[Mad Gasser] ,[Wu Kong] (Teal Gacha)[Yurlungur] (Purple Gacha) [Surt] (Red Gacha)
passive,Mute Pursuit,???,Passive,Damage +30% to enemies with Mute,Self,[Dis] (Purple Archetype)[Skadi] ,[Zhong Kui] (Purple Gacha)
passive,Charm Pursuit,???,Passive,Damage +30% to enemies with Charm,Self,[Incubus] (Purple Archetype)[Succubus] ,[Ongyo-Ki] (Yellow Gacha)
passive,Bind Pursuit,???,Passive,Damage +30% to enemies with Bind,Self,[Shiisaa] (Purple Archetype),[Cerberus] (Red Gacha)[Asherah] (Teal Gacha)
passive,Endure,???,Passive,Revive once per battle with 1 HP,Self,[Eligor] (Clear Archetype)[Momunofu] (Purple Archetype) [Raijuu] (Clear Archetype) [Black Ooze] (Purple Archetype) [Kaiwan] (Purple Archetype) [Rangda] (Purple Archetype) [Barong] (Clear Archetype) [Michael] (Clear Archetype),[Horkos] 
passive,Enduring Soul,???,Passive,Revive once per battle with 200 HP,Self,[Berserker] (Clear Archetype)[Siegfried] (Purple Archetype) [Yoshitsune] (Clear Archetype) [Metatron] (Clear Archetype),[Attis] 
passive,Avatar,???,Passive,"Revive once per battle with 200 HP, Recover 40% HP after battle",Self,[Vishnu] ,
passive,Mana Aid,???,Passive,Recover 10 MP after battle,Self,[Kresnik] (Clear Archetype)[Pallas Athena] (Purple Archetype) [Yoshitsune] ,[Samael] 
passive,Victory Cry,???,Passive,Recover 30% HP after battle,Self,[Lailah] (Purple Archetype)[Gui Xian] (Purple Archetype) [Attis] (Clear Archetype) [Jeanne D'Arc] (Clear Archetype) [Siegfried] (Clear Archetype) [Huang Di] (Clear Archetype),[Michael] 
passive,Hundred Hits,???,Passive,Phys hit +10%,Self,[Preta] (Purple Archetype)[Nozuchi] (Purple Archetype) [Archangel] (Purple Archetype) [Naga] ,[Kresnik] (Teal Gacha)[Isis] (Yellow Gacha) [White Rider] (Yellow Gacha)
passive,Thousand Strikes,???,Passive,Phys hit +20%,Self,[Arianrhod] (Purple Archetype) [Setanta]  [Odin] (Purple Archetype),
passive,Emperor's Mandate,???,Passive,"Phys hit +20%, Phys Pierce",Self,[Huang Di] ,
passive,Arms Master,???,Passive,"Phys damage +15%, Phys hit +15%",Self,[Siegfried] ,
passive,Dodge Phys,???,Passive,Phys avoid +10%,Self,[Obariyon] (Purple Archetype)[Yomotsu-Shikome] (Purple Archetype),[Mothman] (Purple Gacha)
passive,Vahana,???,Passive,"Phys avoid +15%, Ailment resistance +30%",Self,[Garuda] ,
passive,Evade Phys,???,Passive,Phys avoid +20%,Self,[Throne] (Purple Archetype)[Yatagarasu] (Purple Archetype) [Shiva] (Purple Archetype),
passive,Stealth,???,Passive,"Phys avoid +20%, Revive once per battle with 1 HP",Self,[Chupacabra] ,
passive,Phys Boost,???,Passive,Phys damage +15%,Self,[Valkyrie] [Yatagarasu] (Clear Archetype) [Ganesha] (Purple Archetype),[Wu Kong] 
passive,Fire Boost,???,Passive,Fire damage +15%,Self,[Efreet] ,[Prometheus] [Garuda] (Purple Gacha)
passive,Ice Boost,???,Passive,Ice damage +15%,Self,[Forneus] (Purple Archetype)[Gui Xian] ,[King Frost] [Beiji-Weng] 
passive,Elec Boost,???,Passive,Elec damage +15%,Self,[Take-Minakata] (Clear Archetype) [Baihu] ,[Titania] [Lucifer] (Purple Gacha)
passive,Force Boost,???,Passive,Force damage +15%,Self,[Legion] (Purple Archetype),[Oberon] [Surt] (Yellow Gacha)
passive,Light Boost,???,Passive,Light damage +15%,Self,[Principality] (Purple Archetype) [Lailah]  [Horus] (Purple Archetype),[Sleipnir] 
passive,Dark Boost,???,Passive,Dark damage +15%,Self,[Baphomet] (Purple Archetype)[Kaiwan] ,[Anubis] 
passive,Heal Boost,???,Passive,Recovery effectiveness +15%,Self,[Pixie] (Clear Archetype)[Makami] (Purple Archetype) [Kushinada-Hime] ,[Jeanne D'Arc] [Samael] (Teal Gacha)
passive,Phys Amp,???,Passive,Phys damage +25%,Self,[Yoshitsune] (Purple Archetype),
passive,Elec Amp,???,Passive,Elec damage +25%,Self,[Barong] (Purple Archetype),
passive,Force Amp,???,Passive,Force damage +25%,Self,[Seth] (Purple Archetype),
passive,Light Amp,???,Passive,Light damage +25%,Self,[Mastema] (Purple Archetype),
passive,Dark Amp,???,Passive,Dark damage +25%,Self,[Alice] (Purple Archetype),
passive,Heal Amp,???,Passive,Recovery effectiveness +25%,Self,[Asherah] (Purple Archetype),
passive,Pierce Phys,???,Passive,Phys attacks bypass resistances,Self,[Mara] (Purple Archetype),
passive,Pierce Fire,???,Passive,Fire attacks bypass resistances,Self,[Surt] (Purple Archetype),
passive,Pierce Elec,???,Passive,Elec attacks bypass resistances,Self,[Thor] (Purple Archetype),
passive,Pierce Force,???,Passive,Force attacks bypass resistances,Self,[Cu Chulainn] (Purple Archetype),
passive,Assassin,???,Passive,Single-target skill damage +10%,Self,[Power] (Purple Archetype),[Lilith] (Teal Gacha)[Susano-o] 
passive,Berserker,???,Passive,"Damage dealt +10%, Damage received +20%",Self,[Setanta] (Purple Archetype)[Garuda] (Purple Archetype),
passive,Final Blow,???,Passive,Damage +10% when enemy weakness struck,Self,[Fomorian] (Clear Archetype)[Shiki-Ouji] (Purple Archetype) [Efreet] (Purple Archetype) [Isis] (Purple Archetype) [Cerberus] (Purple Archetype) [Titania] (Purple Archetype) [Sarasvati] (Purple Archetype) [Bishamonten] (Purple Archetype),
passive,Ruthless Blow,???,Passive,Damage +20% when enemy weakness struck,Self,[Yomotsu-Ikusa] (Clear Archetype) [Kresnik] (Purple Archetype) [Anubis] (Purple Archetype) [Odin] (Clear Archetype) [Susano-o] (Purple Archetype),
passive,Trickster,???,Passive,20% chance not to use Press Turn when enemy weakness struck,Self,[Loki] ,
passive,Slaughter,???,Passive,All-target skill damage +10%,Self,[Unicorn] (Purple Archetype),[Huang Di] (Purple Gacha)[Shiva] 
passive,Massacre,???,Passive,All-target skill damage +20%,Self,[Lucifer] (Purple Archetype),
passive,Disturbance,???,Passive,Ailment success rate +10%,Self,[Blob] (Purple Archetype)[High Pixie] (Purple Archetype) [Black Ooze] (Clear Archetype) [Mad Gasser] (Purple Archetype),[Jatayu] (Yellow Gacha)[Gui Xian] (Teal Gacha) [Baihu] (Red Gacha) [Arahabaki] (Yellow Gacha) [Ose] (Teal Gacha) [Prometheus] (Purple Gacha) [Beiji-Weng] (Teal Gacha) [Mastema] (Yellow Gacha)
passive,Off-season Flowering,???,Passive,Ailment success rate +20%,Self,[Kamiotoko] [Mothman] (Purple Archetype) [Peallaidh]  [Mitra] (Purple Archetype) [Skadi] (Purple Archetype) [Lilith] (Clear Archetype) [Lakshmi] (Purple Archetype),
passive,Fast Heal,???,Passive,Ailment recovery rate +20%,Self,[Kushinada-Hime] (Purple Archetype),[Power] (Teal Gacha)[Tam Lin]  [Horkos] (Teal Gacha) [Chimera] (Teal Gacha) [Scathach] (Purple Gacha) [Vetala] (Teal Gacha) [Tsukuyomi] (Yellow Gacha)
passive,Instant Heal,???,Passive,Ailment recovery rate +30%,Self,[Sandman] (Purple Archetype),
passive,Counter,???,Passive,50 Dmg 50% chance of counter upon receiving physical damage,Self,[Slime] (Purple Archetype)[Jack Frost] (Purple Archetype) [Eligor] (Purple Archetype) [Momunofu]  [Koumokuten] (Purple Archetype),[Take-Minakata] [Scathach] (Yellow Gacha) [Cerberus] (Yellow Gacha) [Sandalphon] (Yellow Gacha) [Ongyo-Ki] (Red Gacha)
passive,Counterstrike,???,Passive,100 Dmg 50% chance of counter upon receiving physical damage,Self,[Ares] [Horkos] [Chimera] (Purple Archetype) [Berserker] (Purple Archetype) [Ose] (Clear Archetype) [Hanuman] (Purple Archetype),[Kresnik] (Purple Gacha)[Abaddon] 
passive,High Counter,???,Passive,150 Dmg 50% chance of counter upon receiving physical damage,Self,[Pazuzu] (Purple Archetype)[Ongyo-Ki] (Purple Archetype) [Samael] (Clear Archetype),
passive,Wild Intuition,???,Passive,Critical rate of damage received -15%,Self,[Koppa Tengu] (Purple Archetype) [Kelpie] (Purple Archetype) [Jatayu] (Purple Archetype),[Baphomet] (Purple Gacha)[Silky] (Teal Gacha) [Horkos] (Purple Gacha) [Dakini] (Teal Gacha) [Berserker] (Teal Gacha) [Throne] (Teal Gacha)
passive,Monstrous Intuition,???,Passive,Critical rate of damage received -25%,Self,[Sandalphon] (Purple Archetype) [King Frost] (Clear Archetype) [Beelzebub] (Clear Archetype),[Succubus] (Purple Gacha)[Azrael] (Purple Gacha)
passive,Bloody Glee,???,Passive,Critical rate +15%,Self,[Oni] (Purple Archetype)[Ares] (Purple Archetype) [Abaddon] (Purple Archetype),[Silky] (Red Gacha)[Kaiwan] (Purple Gacha) [Koumokuten] (Purple Gacha) [Feng Huang] (Red Gacha) [Beelzebub] (Purple Gacha) [Loki] (Red Gacha)
passive,Massacre Glee,???,Passive,Critical rate +25%,Self,[Yomotsu-Ikusa] (Purple Archetype) [Girimehkala] (Purple Archetype),[Orochi] (Teal Gacha)[Sarasvati] (Purple Gacha) [Cu Chulainn] 
passive,Speed Master,???,Passive,Battle speed +50%,Self,[Hamsa] (Purple Archetype)[Fenrir] (Purple Archetype) [Sleipnir]  [Yatagarasu] ,[Kama] 
passive,Imposing Stance,???,Passive,Remove 1 enemy Turn Icon during first round when ambushed,Self,[Baihu] (Purple Archetype)[Zhong Kui] (Purple Archetype) [Surt] (Clear Archetype),
passive,Auto-Tarunda,???,Passive,Start battle with Tarunda,Self,[Feng Huang] ,
passive,Auto-Sukunda,???,Passive,Start battle with Sukunda,Self,[Yatagarasu] ,
passive,Auto-Rakunda,???,Passive,Start battle with Rakunda,Self,[Garuda] ,
passive,Auto-Tarukaja,???,Passive,Begin battle with Tarukaja,Self,[Orochi] (Purple Archetype)[Fenrir]  [Zhong Kui]  [Ananta] (Purple Archetype),[Huang Di] (Red Gacha)
passive,Auto-Sukukaja,???,Passive,Begin battle with Sukukaja,Self,[Chupacabra] (Clear Archetype) [Jatayu]  [Virtue] (Purple Archetype) [Sandalphon]  [Oberon] (Purple Archetype) [Amaterasu] (Clear Archetype) [Ananta] ,
passive,Auto-Rakukaja,???,Passive,Begin battle with Rakukaja,Self,[Horkos] (Clear Archetype)[Ongyo-Ki]  [Sphinx] (Purple Archetype) [Ananta]  [Trumpeter] (Purple Archetype),
passive,Tetra Shift,???,Passive,Begin battle with Tetrakarn when ambushed,Self,[Tam Lin] (Purple Archetype)[Kikuri-Hime] (Purple Archetype) [Sphinx]  [Ishtar] (Purple Archetype) [Surt] ,
passive,Makara Shift,???,Passive,Begin battle with Makarakarn when ambushed,Self,[Apis] [Arahabaki] (Purple Archetype) [Prometheus]  [Azrael] (Purple Archetype) [Beelzebub] (Purple Archetype) [Dantalian] (Purple Archetype),
passive,Trap-Free,???,Passive,"Damage from Poison Floor -30%, Immune to Dark Zone effects",Self,[Hare of Inaba] ,
passive,Poison Floor Walk,???,Passive,Damage from Poison Floors -25%,Self,,[Koppa Tengu] [Pele] (Purple Gacha) [Silky] (Purple Gacha) [Gui Xian] (Red Gacha) [Peallaidh] (Teal Gacha) [Baihu] (Teal Gacha) [Orochi] (Red Gacha)
passive,Poison Floor Cross,???,Passive,Damage from Poison Floors -50%,Self,[Pisaca] (Purple Archetype)[Kurama Tengu] (Purple Archetype) [Feng Huang] (Purple Archetype),[Zhong Kui] (Yellow Gacha)[Lilith] (Red Gacha) [Ishtar] (Yellow Gacha)
passive,Null Poison Floor,???,Passive,Nullify Poison Floors damage,Self,[Zouchouten] (Purple Archetype) [Orochi] ,
passive,Null Dark Zone,???,Passive,Immune to Dark Zone effects,Self,[Kelpie] (Clear Archetype)[Feng Huang] (Clear Archetype) [Throne]  [Loki] (Purple Archetype),
passive,Good Fortune,???,Passive,"Battle experience +20%, Macca +20%",Self,[Kanbari] ,
